model,thr_method,thr,precision,recall,f1,TN,FP,FN,TP,roc_auc,pr_auc,train_score_mean,val_score_mean,test_normal_score_mean
GRU-AE,train_p99,0.11969771981239319,0.9577922077922078,0.9966216216216216,0.9768211920529801,49,13,1,295,0.9730274629468177,0.9911953507371838,0.04801086708903313,0.04564367234706879,1.3346701860427856
GRU-AE,val_p99,0.10888348519802094,0.9546925566343042,0.9966216216216216,0.9752066115702479,48,14,1,295,0.9730274629468177,0.9911953507371838,0.04801086708903313,0.04564367234706879,1.3346701860427856
TCN-AE,train_p99,0.1344628632068634,0.8268156424581006,1.0,0.9051987767584098,0,62,0,296,0.9701939843068875,0.9902752629624461,0.0718599259853363,0.06760552525520325,0.9422658085823059
TCN-AE,val_p99,0.1286393404006958,0.8268156424581006,1.0,0.9051987767584098,0,62,0,296,0.9701939843068875,0.9902752629624461,0.0718599259853363,0.06760552525520325,0.9422658085823059
GAT-AE,train_p99,1.256690263748169,0.9577922077922078,0.9966216216216216,0.9768211920529801,49,13,1,295,0.9764058413251961,0.9923502265132177,0.8194569945335388,0.8662686944007874,2.003603458404541
GAT-AE,val_p99,1.236100435256958,0.9577922077922078,0.9966216216216216,0.9768211920529801,49,13,1,295,0.9764058413251961,0.9923502265132177,0.8194569945335388,0.8662686944007874,2.003603458404541
MoE,train_p99,0.11780007928609848,0.8291316526610645,1.0,0.9065849923430321,1,61,0,296,0.9708478639930253,0.9905116870079869,0.06280539184808731,0.059267304837703705,0.9885872602462769
MoE,val_p99,0.11129442602396011,0.8268156424581006,1.0,0.9051987767584098,0,62,0,296,0.9708478639930253,0.9905116870079869,0.06280539184808731,0.059267304837703705,0.9885872602462769
